InvoiceNo,StockCode,Description,Quantity,UnitPrice
536404,21730,GLASS VASE,2,5.75
536394,21730,GLASS VASE,12,5.75
536434,84879,TEA TOWEL,3,2.35
536562,22720,LED LAMP,12,6.89
536421,84029G,RED PLATE,5,1.25
536531,85123A,WHITE HANGER,5,2.55
536376,84879,TEA TOWEL,1,2.35
536505,21730,GLASS VASE,5,5.75
536430,85123A,WHITE HANGER,5,2.55
536384,84879,TEA TOWEL,7,2.35
536380,79321,BAMBOO BOWL,4,3.49
536403,84406B,SET OF 3 CAKE TINS,6,4.95
536456,85099B,WHITE CANDLE,3,1.65
536487,84029G,RED PLATE,6,1.25
536560,85123A,WHITE HANGER,9,2.55
536451,71053,BLUE MUG,5,3.39
536476,22720,LED LAMP,4,6.89
536405,85099B,WHITE CANDLE,9,1.65
536415,85123A,WHITE HANGER,12,2.55
536513,22720,LED LAMP,8,6.89
536552,84406B,SET OF 3 CAKE TINS,9,4.95
536551,21931,PINK NOTEBOOK,3,1.99
536387,79321,BAMBOO BOWL,12,3.49
536495,84406B,SET OF 3 CAKE TINS,12,4.95
536370,85099B,WHITE CANDLE,4,1.65
536469,85099B,WHITE CANDLE,5,1.65
536390,71053,BLUE MUG,1,3.39
536420,21730,GLASS VASE,2,5.75
536426,84879,TEA TOWEL,3,2.35
536547,21730,GLASS VASE,3,5.75
536519,21931,PINK NOTEBOOK,12,1.99
536437,84406B,SET OF 3 CAKE TINS,4,4.95
536456,22720,LED LAMP,3,6.89
536478,84879,TEA TOWEL,10,2.35
536489,85123A,WHITE HANGER,6,2.55
536494,21931,PINK NOTEBOOK,12,1.99
536445,84029G,RED PLATE,7,1.25
536565,84879,TEA TOWEL,10,2.35
536397,22720,LED LAMP,3,6.89
536367,22720,LED LAMP,5,6.89
536373,22720,LED LAMP,6,6.89
536413,84029G,RED PLATE,6,1.25
536486,21730,GLASS VASE,8,5.75
536527,79321,BAMBOO BOWL,8,3.49
536407,84406B,SET OF 3 CAKE TINS,4,4.95
536516,84879,TEA TOWEL,1,2.35
536494,79321,BAMBOO BOWL,1,3.49
536523,85123A,WHITE HANGER,2,2.55
536560,21931,PINK NOTEBOOK,2,1.99
536533,84879,TEA TOWEL,2,2.35
536441,21730,GLASS VASE,2,5.75
536393,84029G,RED PLATE,8,1.25
536404,84879,TEA TOWEL,9,2.35
536475,79321,BAMBOO BOWL,2,3.49
536521,84029G,RED PLATE,9,1.25
536552,84029G,RED PLATE,3,1.25
536467,21730,GLASS VASE,2,5.75
536425,21931,PINK NOTEBOOK,3,1.99
536542,84029G,RED PLATE,4,1.25
536389,21931,PINK NOTEBOOK,10,1.99
536564,84029G,RED PLATE,9,1.25
536416,85099B,WHITE CANDLE,11,1.65
536563,84029G,RED PLATE,12,1.25
536469,84029G,RED PLATE,4,1.25
536480,21931,PINK NOTEBOOK,10,1.99
536512,79321,BAMBOO BOWL,6,3.49
536437,84879,TEA TOWEL,10,2.35
536417,84879,TEA TOWEL,11,2.35
536491,85099B,WHITE CANDLE,12,1.65
536373,22720,LED LAMP,7,6.89
536502,79321,BAMBOO BOWL,4,3.49
536368,21931,PINK NOTEBOOK,6,1.99
536489,79321,BAMBOO BOWL,6,3.49
536399,85123A,WHITE HANGER,9,2.55
536381,71053,BLUE MUG,1,3.39
536442,85099B,WHITE CANDLE,2,1.65
536499,85099B,WHITE CANDLE,1,1.65
536365,21730,GLASS VASE,8,5.75
536422,84879,TEA TOWEL,12,2.35
536529,22720,LED LAMP,5,6.89
536544,21931,PINK NOTEBOOK,10,1.99
536366,22720,LED LAMP,6,6.89
536550,85123A,WHITE HANGER,10,2.55
536484,84029G,RED PLATE,5,1.25
536442,85123A,WHITE HANGER,10,2.55
536454,21931,PINK NOTEBOOK,10,1.99
536420,21931,PINK NOTEBOOK,4,1.99
536458,21931,PINK NOTEBOOK,6,1.99
536438,71053,BLUE MUG,3,3.39
536367,71053,BLUE MUG,6,3.39
536415,21931,PINK NOTEBOOK,1,1.99
536469,85099B,WHITE CANDLE,3,1.65
536520,84029G,RED PLATE,2,1.25
536531,21730,GLASS VASE,8,5.75
536484,85099B,WHITE CANDLE,12,1.65
536392,85099B,WHITE CANDLE,8,1.65
536533,22720,LED LAMP,4,6.89
536477,84029G,RED PLATE,9,1.25
536485,71053,BLUE MUG,3,3.39
536473,85099B,WHITE CANDLE,8,1.65
536407,21730,GLASS VASE,12,5.75
536414,71053,BLUE MUG,11,3.39
536378,71053,BLUE MUG,3,3.39
536434,84029G,RED PLATE,3,1.25
536433,71053,BLUE MUG,8,3.39
536495,84879,TEA TOWEL,3,2.35
536552,85123A,WHITE HANGER,10,2.55
536434,84029G,RED PLATE,11,1.25
536555,84406B,SET OF 3 CAKE TINS,11,4.95
536378,85099B,WHITE CANDLE,4,1.65
536541,21730,GLASS VASE,9,5.75
536389,84406B,SET OF 3 CAKE TINS,12,4.95
536551,85099B,WHITE CANDLE,4,1.65
536440,79321,BAMBOO BOWL,10,3.49
536557,79321,BAMBOO BOWL,12,3.49
536385,84406B,SET OF 3 CAKE TINS,2,4.95
536511,84406B,SET OF 3 CAKE TINS,3,4.95
536473,85099B,WHITE CANDLE,2,1.65
536425,21730,GLASS VASE,12,5.75
536410,21931,PINK NOTEBOOK,3,1.99
536443,79321,BAMBOO BOWL,4,3.49
536437,84029G,RED PLATE,6,1.25
536465,85123A,WHITE HANGER,12,2.55
536427,85123A,WHITE HANGER,8,2.55
536438,85099B,WHITE CANDLE,10,1.65
536403,85099B,WHITE CANDLE,4,1.65
536376,85123A,WHITE HANGER,8,2.55
536409,79321,BAMBOO BOWL,11,3.49
536375,22720,LED LAMP,6,6.89
536436,21931,PINK NOTEBOOK,1,1.99
536371,84406B,SET OF 3 CAKE TINS,1,4.95
536459,84879,TEA TOWEL,10,2.35
536529,85099B,WHITE CANDLE,4,1.65
536386,21931,PINK NOTEBOOK,8,1.99
536486,85099B,WHITE CANDLE,11,1.65
536541,21931,PINK NOTEBOOK,10,1.99
536442,85123A,WHITE HANGER,10,2.55
536469,85099B,WHITE CANDLE,2,1.65
536516,21931,PINK NOTEBOOK,3,1.99
536494,84879,TEA TOWEL,7,2.35
536481,71053,BLUE MUG,8,3.39
536505,84406B,SET OF 3 CAKE TINS,11,4.95
536513,79321,BAMBOO BOWL,4,3.49
536434,71053,BLUE MUG,7,3.39
536505,22720,LED LAMP,8,6.89
536561,84029G,RED PLATE,9,1.25
536520,21931,PINK NOTEBOOK,2,1.99
536560,21931,PINK NOTEBOOK,5,1.99
536441,85123A,WHITE HANGER,9,2.55
536541,21730,GLASS VASE,12,5.75
536527,79321,BAMBOO BOWL,12,3.49
536367,79321,BAMBOO BOWL,8,3.49
536555,71053,BLUE MUG,3,3.39
536546,22720,LED LAMP,3,6.89
536399,84879,TEA TOWEL,11,2.35
536481,21730,GLASS VASE,8,5.75
536411,84029G,RED PLATE,2,1.25
536528,21730,GLASS VASE,12,5.75
536419,85099B,WHITE CANDLE,8,1.65
536483,85099B,WHITE CANDLE,11,1.65
536546,84879,TEA TOWEL,4,2.35
536535,85123A,WHITE HANGER,5,2.55
536556,21730,GLASS VASE,12,5.75
536402,79321,BAMBOO BOWL,9,3.49
536395,22720,LED LAMP,3,6.89
536513,84879,TEA TOWEL,1,2.35
536526,84029G,RED PLATE,9,1.25
536407,21730,GLASS VASE,6,5.75
536372,71053,BLUE MUG,5,3.39
536516,21730,GLASS VASE,6,5.75
536395,22720,LED LAMP,4,6.89
536408,84879,TEA TOWEL,12,2.35
536387,21931,PINK NOTEBOOK,10,1.99
536401,22720,LED LAMP,7,6.89
536384,85099B,WHITE CANDLE,7,1.65
536563,79321,BAMBOO BOWL,8,3.49
536539,84406B,SET OF 3 CAKE TINS,11,4.95
536376,21730,GLASS VASE,10,5.75
536415,21931,PINK NOTEBOOK,1,1.99
536439,22720,LED LAMP,4,6.89
536402,79321,BAMBOO BOWL,11,3.49
536542,22720,LED LAMP,11,6.89
536473,84406B,SET OF 3 CAKE TINS,8,4.95
536464,85099B,WHITE CANDLE,6,1.65
536392,84879,TEA TOWEL,5,2.35
536422,84406B,SET OF 3 CAKE TINS,8,4.95
536377,21730,GLASS VASE,1,5.75
536517,22720,LED LAMP,12,6.89
536527,21931,PINK NOTEBOOK,4,1.99
536485,21931,PINK NOTEBOOK,10,1.99
536501,22720,LED LAMP,4,6.89
536522,84879,TEA TOWEL,2,2.35
536546,79321,BAMBOO BOWL,5,3.49
536532,85099B,WHITE CANDLE,3,1.65
536520,84879,TEA TOWEL,1,2.35
536418,22720,LED LAMP,2,6.89
536443,21730,GLASS VASE,5,5.75
536514,22720,LED LAMP,12,6.89
536484,22720,LED LAMP,3,6.89
536414,85099B,WHITE CANDLE,10,1.65
536510,71053,BLUE MUG,2,3.39
536460,21730,GLASS VASE,3,5.75
536496,71053,BLUE MUG,8,3.39
536461,71053,BLUE MUG,10,3.39
536552,84879,TEA TOWEL,4,2.35
536397,84879,TEA TOWEL,11,2.35
536369,22720,LED LAMP,1,6.89
536496,21730,GLASS VASE,11,5.75
536371,21730,GLASS VASE,6,5.75
536452,79321,BAMBOO BOWL,10,3.49
536424,84406B,SET OF 3 CAKE TINS,12,4.95
536538,79321,BAMBOO BOWL,7,3.49
536384,21931,PINK NOTEBOOK,12,1.99
536431,85123A,WHITE HANGER,3,2.55
536449,21730,GLASS VASE,5,5.75
536387,21931,PINK NOTEBOOK,1,1.99
536502,79321,BAMBOO BOWL,3,3.49
536521,71053,BLUE MUG,3,3.39
536562,84406B,SET OF 3 CAKE TINS,7,4.95
536377,21730,GLASS VASE,4,5.75
536398,85099B,WHITE CANDLE,10,1.65
536436,21730,GLASS VASE,1,5.75
536449,22720,LED LAMP,6,6.89
536480,84406B,SET OF 3 CAKE TINS,11,4.95
536484,21730,GLASS VASE,2,5.75
536514,85123A,WHITE HANGER,7,2.55
536485,84029G,RED PLATE,11,1.25
536542,84879,TEA TOWEL,7,2.35
536478,22720,LED LAMP,11,6.89
536402,71053,BLUE MUG,11,3.39
536366,84879,TEA TOWEL,11,2.35
536473,84406B,SET OF 3 CAKE TINS,7,4.95
536533,84406B,SET OF 3 CAKE TINS,12,4.95
536487,79321,BAMBOO BOWL,10,3.49
536497,85099B,WHITE CANDLE,10,1.65
536467,85123A,WHITE HANGER,11,2.55
536487,21730,GLASS VASE,5,5.75
536473,71053,BLUE MUG,9,3.39
536425,21730,GLASS VASE,5,5.75
536523,21931,PINK NOTEBOOK,1,1.99
536371,79321,BAMBOO BOWL,11,3.49
536427,85123A,WHITE HANGER,11,2.55
536445,71053,BLUE MUG,1,3.39
536422,85099B,WHITE CANDLE,3,1.65
536539,22720,LED LAMP,7,6.89
536378,71053,BLUE MUG,7,3.39
536542,84879,TEA TOWEL,6,2.35
536478,71053,BLUE MUG,1,3.39
536527,84879,TEA TOWEL,7,2.35
536545,21730,GLASS VASE,8,5.75
536549,79321,BAMBOO BOWL,11,3.49
536546,71053,BLUE MUG,2,3.39
536514,22720,LED LAMP,6,6.89
536383,21931,PINK NOTEBOOK,11,1.99
536516,84406B,SET OF 3 CAKE TINS,7,4.95
536425,84879,TEA TOWEL,3,2.35
536435,71053,BLUE MUG,4,3.39
536502,85123A,WHITE HANGER,4,2.55
536410,21730,GLASS VASE,7,5.75
536492,22720,LED LAMP,1,6.89
536433,85099B,WHITE CANDLE,10,1.65
536551,84879,TEA TOWEL,2,2.35
536432,71053,BLUE MUG,10,3.39
536374,84029G,RED PLATE,11,1.25
536429,85099B,WHITE CANDLE,10,1.65
536367,22720,LED LAMP,1,6.89
536514,71053,BLUE MUG,4,3.39
536434,71053,BLUE MUG,4,3.39
536382,71053,BLUE MUG,1,3.39
536457,21931,PINK NOTEBOOK,11,1.99
536480,21730,GLASS VASE,1,5.75
536490,84029G,RED PLATE,9,1.25
536428,85123A,WHITE HANGER,8,2.55
536565,84406B,SET OF 3 CAKE TINS,6,4.95
536391,85099B,WHITE CANDLE,7,1.65
536511,21730,GLASS VASE,10,5.75
536536,21730,GLASS VASE,8,5.75
536512,85099B,WHITE CANDLE,2,1.65
536524,79321,BAMBOO BOWL,2,3.49
536502,84029G,RED PLATE,9,1.25
536427,22720,LED LAMP,6,6.89
536543,85123A,WHITE HANGER,9,2.55
536392,85099B,WHITE CANDLE,9,1.65
536386,85099B,WHITE CANDLE,10,1.65
536520,84029G,RED PLATE,7,1.25
536405,84029G,RED PLATE,5,1.25
536467,22720,LED LAMP,5,6.89
536453,85123A,WHITE HANGER,12,2.55
536486,21730,GLASS VASE,1,5.75
536511,84406B,SET OF 3 CAKE TINS,3,4.95
536399,84406B,SET OF 3 CAKE TINS,2,4.95
536530,21931,PINK NOTEBOOK,8,1.99
536550,79321,BAMBOO BOWL,2,3.49
536558,85123A,WHITE HANGER,6,2.55
536516,21931,PINK NOTEBOOK,5,1.99
536427,85099B,WHITE CANDLE,7,1.65
536529,21730,GLASS VASE,5,5.75
536526,84879,TEA TOWEL,12,2.35
536506,71053,BLUE MUG,10,3.39
536518,79321,BAMBOO BOWL,9,3.49
536434,71053,BLUE MUG,5,3.39
536389,22720,LED LAMP,1,6.89
536509,79321,BAMBOO BOWL,9,3.49
536538,84029G,RED PLATE,11,1.25
536367,79321,BAMBOO BOWL,4,3.49
536435,84029G,RED PLATE,10,1.25
536564,71053,BLUE MUG,2,3.39
536527,21730,GLASS VASE,7,5.75
536522,85099B,WHITE CANDLE,10,1.65
536374,85099B,WHITE CANDLE,7,1.65
536367,84406B,SET OF 3 CAKE TINS,11,4.95
536397,79321,BAMBOO BOWL,3,3.49
536392,21730,GLASS VASE,6,5.75
536412,85099B,WHITE CANDLE,3,1.65
536486,21730,GLASS VASE,12,5.75
536546,22720,LED LAMP,1,6.89
536520,22720,LED LAMP,10,6.89
536505,85123A,WHITE HANGER,7,2.55
536405,79321,BAMBOO BOWL,8,3.49
536549,21931,PINK NOTEBOOK,5,1.99
536374,21730,GLASS VASE,10,5.75
536449,85123A,WHITE HANGER,3,2.55
536516,79321,BAMBOO BOWL,6,3.49
536475,85123A,WHITE HANGER,1,2.55
536516,84406B,SET OF 3 CAKE TINS,7,4.95
536385,84879,TEA TOWEL,8,2.35
536411,71053,BLUE MUG,10,3.39
536563,21730,GLASS VASE,8,5.75
536402,84029G,RED PLATE,6,1.25
536512,22720,LED LAMP,7,6.89
536400,71053,BLUE MUG,11,3.39
536507,85123A,WHITE HANGER,9,2.55
536456,71053,BLUE MUG,7,3.39
536448,21730,GLASS VASE,1,5.75
536531,84406B,SET OF 3 CAKE TINS,9,4.95
536387,71053,BLUE MUG,1,3.39
536488,85099B,WHITE CANDLE,11,1.65
536403,79321,BAMBOO BOWL,8,3.49
536381,22720,LED LAMP,11,6.89
536376,79321,BAMBOO BOWL,8,3.49
536409,21931,PINK NOTEBOOK,5,1.99
536463,85099B,WHITE CANDLE,11,1.65
536553,21730,GLASS VASE,1,5.75
536487,84029G,RED PLATE,6,1.25
536399,71053,BLUE MUG,10,3.39
536555,85123A,WHITE HANGER,10,2.55
536533,21730,GLASS VASE,8,5.75
536466,85099B,WHITE CANDLE,4,1.65
536561,79321,BAMBOO BOWL,3,3.49
536546,84029G,RED PLATE,3,1.25
536473,79321,BAMBOO BOWL,1,3.49
536520,21730,GLASS VASE,7,5.75
536504,71053,BLUE MUG,1,3.39
536522,84879,TEA TOWEL,8,2.35
536547,22720,LED LAMP,5,6.89
536386,85099B,WHITE CANDLE,3,1.65
536436,85099B,WHITE CANDLE,10,1.65
536512,84879,TEA TOWEL,12,2.35
536402,21730,GLASS VASE,1,5.75
536490,84029G,RED PLATE,3,1.25
536533,84029G,RED PLATE,11,1.25
536487,85099B,WHITE CANDLE,6,1.65
536405,84879,TEA TOWEL,10,2.35
536456,71053,BLUE MUG,12,3.39
536463,21931,PINK NOTEBOOK,11,1.99
536500,22720,LED LAMP,8,6.89
536496,84879,TEA TOWEL,11,2.35
536542,21931,PINK NOTEBOOK,7,1.99
536434,21931,PINK NOTEBOOK,5,1.99
536403,84406B,SET OF 3 CAKE TINS,6,4.95
536380,84879,TEA TOWEL,5,2.35
536461,84029G,RED PLATE,10,1.25
536474,84879,TEA TOWEL,6,2.35
536558,85123A,WHITE HANGER,10,2.55
536482,85123A,WHITE HANGER,10,2.55
536509,79321,BAMBOO BOWL,4,3.49
536404,84029G,RED PLATE,8,1.25
536556,71053,BLUE MUG,4,3.39
536505,84879,TEA TOWEL,12,2.35
536441,84879,TEA TOWEL,11,2.35
536532,79321,BAMBOO BOWL,7,3.49
536490,85099B,WHITE CANDLE,1,1.65
536435,85123A,WHITE HANGER,4,2.55
536467,84406B,SET OF 3 CAKE TINS,6,4.95
536445,21730,GLASS VASE,11,5.75
536426,84406B,SET OF 3 CAKE TINS,8,4.95
536556,21931,PINK NOTEBOOK,4,1.99
536489,79321,BAMBOO BOWL,8,3.49
536556,84029G,RED PLATE,6,1.25
536551,84406B,SET OF 3 CAKE TINS,1,4.95
536411,21931,PINK NOTEBOOK,7,1.99
536544,84406B,SET OF 3 CAKE TINS,11,4.95
536390,22720,LED LAMP,12,6.89
536373,84406B,SET OF 3 CAKE TINS,1,4.95
536545,84406B,SET OF 3 CAKE TINS,4,4.95
536474,79321,BAMBOO BOWL,11,3.49
536494,21730,GLASS VASE,1,5.75
536553,79321,BAMBOO BOWL,8,3.49
536530,21931,PINK NOTEBOOK,8,1.99
536455,71053,BLUE MUG,12,3.39
536451,21730,GLASS VASE,4,5.75
536400,84406B,SET OF 3 CAKE TINS,10,4.95
536434,85099B,WHITE CANDLE,4,1.65
536407,85123A,WHITE HANGER,6,2.55
536503,21730,GLASS VASE,11,5.75
536472,85123A,WHITE HANGER,11,2.55
536557,85099B,WHITE CANDLE,3,1.65
536514,71053,BLUE MUG,7,3.39
536418,21730,GLASS VASE,1,5.75
536465,85123A,WHITE HANGER,10,2.55
536526,21730,GLASS VASE,4,5.75
536415,84879,TEA TOWEL,4,2.35
536404,71053,BLUE MUG,11,3.39
536455,21931,PINK NOTEBOOK,7,1.99
536528,22720,LED LAMP,6,6.89
536477,21931,PINK NOTEBOOK,4,1.99
536375,79321,BAMBOO BOWL,8,3.49
536522,22720,LED LAMP,6,6.89
536484,21730,GLASS VASE,2,5.75
536372,21931,PINK NOTEBOOK,9,1.99
536536,85123A,WHITE HANGER,2,2.55
536381,85099B,WHITE CANDLE,9,1.65
536483,21730,GLASS VASE,11,5.75
536556,79321,BAMBOO BOWL,5,3.49
536481,84879,TEA TOWEL,12,2.35
536538,84879,TEA TOWEL,5,2.35
536505,85123A,WHITE HANGER,8,2.55
536507,85123A,WHITE HANGER,11,2.55
536512,79321,BAMBOO BOWL,1,3.49
536419,84879,TEA TOWEL,5,2.35
536553,84406B,SET OF 3 CAKE TINS,12,4.95
536552,21931,PINK NOTEBOOK,9,1.99
536513,85099B,WHITE CANDLE,6,1.65
536562,21730,GLASS VASE,8,5.75
536393,22720,LED LAMP,2,6.89
536392,22720,LED LAMP,11,6.89
536532,84406B,SET OF 3 CAKE TINS,12,4.95
536380,84029G,RED PLATE,2,1.25
536420,71053,BLUE MUG,3,3.39
536439,79321,BAMBOO BOWL,8,3.49
536465,84029G,RED PLATE,2,1.25
536441,21730,GLASS VASE,6,5.75
536519,21730,GLASS VASE,2,5.75
536449,85099B,WHITE CANDLE,10,1.65
536511,85123A,WHITE HANGER,5,2.55
536462,84029G,RED PLATE,9,1.25
536366,21931,PINK NOTEBOOK,4,1.99
536562,22720,LED LAMP,8,6.89
536529,84406B,SET OF 3 CAKE TINS,11,4.95
536539,85123A,WHITE HANGER,9,2.55
536492,85123A,WHITE HANGER,5,2.55
536565,84879,TEA TOWEL,9,2.35
536454,21730,GLASS VASE,7,5.75
536536,85123A,WHITE HANGER,8,2.55
536533,85123A,WHITE HANGER,1,2.55
536464,85123A,WHITE HANGER,9,2.55
536478,79321,BAMBOO BOWL,1,3.49
536491,85123A,WHITE HANGER,3,2.55
536365,21931,PINK NOTEBOOK,11,1.99
536454,84406B,SET OF 3 CAKE TINS,8,4.95
536492,22720,LED LAMP,7,6.89
536538,71053,BLUE MUG,12,3.39
536429,22720,LED LAMP,6,6.89
536425,84879,TEA TOWEL,10,2.35
536535,85123A,WHITE HANGER,7,2.55
536452,21931,PINK NOTEBOOK,10,1.99
536389,84879,TEA TOWEL,5,2.35
536445,79321,BAMBOO BOWL,3,3.49
536426,85099B,WHITE CANDLE,12,1.65
536534,84406B,SET OF 3 CAKE TINS,4,4.95
536542,71053,BLUE MUG,3,3.39
536522,84406B,SET OF 3 CAKE TINS,1,4.95
536375,79321,BAMBOO BOWL,4,3.49
536463,22720,LED LAMP,4,6.89
536426,71053,BLUE MUG,9,3.39
536382,21730,GLASS VASE,5,5.75
536512,21931,PINK NOTEBOOK,5,1.99
536448,84406B,SET OF 3 CAKE TINS,7,4.95
536469,84029G,RED PLATE,4,1.25
536557,85099B,WHITE CANDLE,7,1.65
536530,84029G,RED PLATE,10,1.25
536462,84029G,RED PLATE,5,1.25
536373,85123A,WHITE HANGER,2,2.55
536498,21730,GLASS VASE,8,5.75
536377,22720,LED LAMP,9,6.89
536420,84029G,RED PLATE,1,1.25
536447,84406B,SET OF 3 CAKE TINS,8,4.95
536462,21730,GLASS VASE,3,5.75
536378,84029G,RED PLATE,5,1.25
536392,84406B,SET OF 3 CAKE TINS,6,4.95
536365,84879,TEA TOWEL,3,2.35
536442,84406B,SET OF 3 CAKE TINS,11,4.95
536393,71053,BLUE MUG,8,3.39
536528,85123A,WHITE HANGER,5,2.55
536374,85123A,WHITE HANGER,7,2.55
536554,21931,PINK NOTEBOOK,5,1.99
536381,79321,BAMBOO BOWL,7,3.49
536376,84406B,SET OF 3 CAKE TINS,5,4.95
536381,22720,LED LAMP,9,6.89
536507,71053,BLUE MUG,8,3.39
536499,21730,GLASS VASE,11,5.75
536499,84879,TEA TOWEL,8,2.35
536450,79321,BAMBOO BOWL,3,3.49
536463,21931,PINK NOTEBOOK,7,1.99
536459,21931,PINK NOTEBOOK,1,1.99
536519,21931,PINK NOTEBOOK,6,1.99
536417,84406B,SET OF 3 CAKE TINS,2,4.95
536502,85123A,WHITE HANGER,6,2.55
536394,85123A,WHITE HANGER,11,2.55
536445,85123A,WHITE HANGER,6,2.55
536446,85099B,WHITE CANDLE,8,1.65
536455,21931,PINK NOTEBOOK,10,1.99
536372,85123A,WHITE HANGER,4,2.55
536399,21730,GLASS VASE,11,5.75
536465,22720,LED LAMP,6,6.89
536555,22720,LED LAMP,5,6.89
536367,71053,BLUE MUG,6,3.39
536503,21931,PINK NOTEBOOK,6,1.99
536562,79321,BAMBOO BOWL,1,3.49
536438,21931,PINK NOTEBOOK,11,1.99
536539,85123A,WHITE HANGER,11,2.55
536532,21730,GLASS VASE,8,5.75
536500,84406B,SET OF 3 CAKE TINS,5,4.95
536450,84029G,RED PLATE,10,1.25
536366,85099B,WHITE CANDLE,7,1.65
536446,85099B,WHITE CANDLE,6,1.65
536558,21730,GLASS VASE,6,5.75
536470,22720,LED LAMP,3,6.89
536376,85123A,WHITE HANGER,1,2.55
536494,84029G,RED PLATE,7,1.25
536491,85123A,WHITE HANGER,9,2.55
536513,79321,BAMBOO BOWL,4,3.49
536555,21730,GLASS VASE,11,5.75
536552,79321,BAMBOO BOWL,2,3.49
536445,22720,LED LAMP,9,6.89
536516,85123A,WHITE HANGER,4,2.55
536365,79321,BAMBOO BOWL,11,3.49
536373,21931,PINK NOTEBOOK,11,1.99
536485,84879,TEA TOWEL,7,2.35
536554,85123A,WHITE HANGER,6,2.55
536400,85099B,WHITE CANDLE,9,1.65
536509,22720,LED LAMP,2,6.89
536465,84406B,SET OF 3 CAKE TINS,9,4.95
536554,85123A,WHITE HANGER,3,2.55
536472,71053,BLUE MUG,7,3.39
536376,84406B,SET OF 3 CAKE TINS,2,4.95
536440,22720,LED LAMP,10,6.89
536381,84029G,RED PLATE,6,1.25
536395,79321,BAMBOO BOWL,6,3.49
536431,84029G,RED PLATE,9,1.25
536506,84029G,RED PLATE,2,1.25
536456,22720,LED LAMP,4,6.89
536392,71053,BLUE MUG,10,3.39
536542,84406B,SET OF 3 CAKE TINS,5,4.95
536472,21931,PINK NOTEBOOK,4,1.99
536444,21730,GLASS VASE,8,5.75
536454,84879,TEA TOWEL,3,2.35
536374,22720,LED LAMP,12,6.89
536541,84029G,RED PLATE,4,1.25
536427,79321,BAMBOO BOWL,9,3.49
536508,21931,PINK NOTEBOOK,2,1.99
536434,21931,PINK NOTEBOOK,12,1.99
536432,21931,PINK NOTEBOOK,6,1.99
536438,85123A,WHITE HANGER,11,2.55
536437,84879,TEA TOWEL,6,2.35
536531,21730,GLASS VASE,1,5.75
536535,84029G,RED PLATE,11,1.25
536506,84406B,SET OF 3 CAKE TINS,4,4.95
536376,21931,PINK NOTEBOOK,1,1.99
536502,21730,GLASS VASE,6,5.75
536396,84406B,SET OF 3 CAKE TINS,1,4.95
536478,85099B,WHITE CANDLE,12,1.65
536541,84879,TEA TOWEL,7,2.35
536492,21931,PINK NOTEBOOK,4,1.99
536429,79321,BAMBOO BOWL,8,3.49
536375,79321,BAMBOO BOWL,1,3.49
536435,71053,BLUE MUG,1,3.39
536450,71053,BLUE MUG,3,3.39
536506,71053,BLUE MUG,6,3.39
536485,84406B,SET OF 3 CAKE TINS,12,4.95
536408,79321,BAMBOO BOWL,9,3.49
536366,71053,BLUE MUG,7,3.39
536526,21931,PINK NOTEBOOK,4,1.99
536404,85099B,WHITE CANDLE,6,1.65
536445,84879,TEA TOWEL,10,2.35
536563,84029G,RED PLATE,1,1.25
536428,22720,LED LAMP,11,6.89
536420,21931,PINK NOTEBOOK,10,1.99
536477,21730,GLASS VASE,6,5.75
536467,84406B,SET OF 3 CAKE TINS,2,4.95
536412,71053,BLUE MUG,11,3.39
536471,22720,LED LAMP,6,6.89
536505,85099B,WHITE CANDLE,10,1.65
536373,22720,LED LAMP,5,6.89
536564,85099B,WHITE CANDLE,12,1.65
536395,21730,GLASS VASE,5,5.75
536434,85123A,WHITE HANGER,11,2.55
536522,79321,BAMBOO BOWL,5,3.49
536560,84029G,RED PLATE,8,1.25
536442,22720,LED LAMP,2,6.89
536402,21931,PINK NOTEBOOK,6,1.99
536489,71053,BLUE MUG,10,3.39
536375,84879,TEA TOWEL,7,2.35
536381,21931,PINK NOTEBOOK,9,1.99
536414,21931,PINK NOTEBOOK,2,1.99
536542,21931,PINK NOTEBOOK,9,1.99
536398,84406B,SET OF 3 CAKE TINS,5,4.95
536474,84879,TEA TOWEL,5,2.35
536389,84879,TEA TOWEL,3,2.35
536487,84879,TEA TOWEL,3,2.35
536431,84406B,SET OF 3 CAKE TINS,11,4.95
536491,21730,GLASS VASE,7,5.75
536489,85123A,WHITE HANGER,3,2.55
536502,21931,PINK NOTEBOOK,10,1.99
536537,21931,PINK NOTEBOOK,11,1.99
536386,21730,GLASS VASE,6,5.75
536449,84406B,SET OF 3 CAKE TINS,7,4.95
536458,85123A,WHITE HANGER,6,2.55
536561,71053,BLUE MUG,1,3.39
536398,85123A,WHITE HANGER,10,2.55
536483,85123A,WHITE HANGER,12,2.55
536534,84029G,RED PLATE,12,1.25
536438,84029G,RED PLATE,12,1.25
536512,84029G,RED PLATE,11,1.25
536386,84406B,SET OF 3 CAKE TINS,8,4.95
536499,84406B,SET OF 3 CAKE TINS,7,4.95
536379,85123A,WHITE HANGER,7,2.55
536393,21730,GLASS VASE,10,5.75
536393,84879,TEA TOWEL,7,2.35
536404,84879,TEA TOWEL,3,2.35
536508,71053,BLUE MUG,12,3.39
536485,85123A,WHITE HANGER,5,2.55
536562,71053,BLUE MUG,6,3.39
536491,21730,GLASS VASE,5,5.75
536530,21931,PINK NOTEBOOK,7,1.99
536452,85099B,WHITE CANDLE,7,1.65
536468,84879,TEA TOWEL,7,2.35
536384,22720,LED LAMP,2,6.89
536475,22720,LED LAMP,10,6.89
536507,79321,BAMBOO BOWL,10,3.49
536368,84029G,RED PLATE,11,1.25
536434,79321,BAMBOO BOWL,2,3.49
536472,84879,TEA TOWEL,9,2.35
536378,22720,LED LAMP,2,6.89
536549,21730,GLASS VASE,8,5.75
536393,21931,PINK NOTEBOOK,12,1.99
536524,21931,PINK NOTEBOOK,2,1.99
536454,84406B,SET OF 3 CAKE TINS,11,4.95
536549,85099B,WHITE CANDLE,1,1.65
536372,21931,PINK NOTEBOOK,12,1.99
536473,79321,BAMBOO BOWL,7,3.49
536389,71053,BLUE MUG,5,3.39
536502,85123A,WHITE HANGER,9,2.55
536376,85099B,WHITE CANDLE,10,1.65
536420,71053,BLUE MUG,10,3.39
536507,85099B,WHITE CANDLE,4,1.65
536513,84406B,SET OF 3 CAKE TINS,11,4.95
536450,71053,BLUE MUG,10,3.39
536525,84029G,RED PLATE,6,1.25
536552,79321,BAMBOO BOWL,5,3.49
536514,85099B,WHITE CANDLE,1,1.65
536435,85123A,WHITE HANGER,6,2.55
536491,79321,BAMBOO BOWL,7,3.49
536409,85099B,WHITE CANDLE,10,1.65
536487,21931,PINK NOTEBOOK,10,1.99
536529,21931,PINK NOTEBOOK,12,1.99
536503,21730,GLASS VASE,11,5.75
536454,84879,TEA TOWEL,12,2.35
536406,21931,PINK NOTEBOOK,9,1.99
536550,85099B,WHITE CANDLE,7,1.65
536545,84879,TEA TOWEL,3,2.35
536383,79321,BAMBOO BOWL,10,3.49
536482,84406B,SET OF 3 CAKE TINS,3,4.95
536560,84029G,RED PLATE,11,1.25
536425,85099B,WHITE CANDLE,8,1.65
536535,21730,GLASS VASE,11,5.75
536391,21931,PINK NOTEBOOK,4,1.99
536457,85123A,WHITE HANGER,8,2.55
536467,21730,GLASS VASE,7,5.75
536468,79321,BAMBOO BOWL,2,3.49
536560,84406B,SET OF 3 CAKE TINS,1,4.95
536408,85099B,WHITE CANDLE,10,1.65
536437,85123A,WHITE HANGER,4,2.55
536392,84406B,SET OF 3 CAKE TINS,11,4.95
536521,84406B,SET OF 3 CAKE TINS,9,4.95
536391,21931,PINK NOTEBOOK,3,1.99
536512,84879,TEA TOWEL,11,2.35
536521,21931,PINK NOTEBOOK,2,1.99
536530,79321,BAMBOO BOWL,5,3.49
536481,79321,BAMBOO BOWL,8,3.49
536426,85123A,WHITE HANGER,11,2.55
536561,71053,BLUE MUG,12,3.39
536394,71053,BLUE MUG,7,3.39
536433,21931,PINK NOTEBOOK,10,1.99
536495,85099B,WHITE CANDLE,1,1.65
536468,84879,TEA TOWEL,5,2.35
536456,84029G,RED PLATE,3,1.25
536468,84029G,RED PLATE,8,1.25
536421,79321,BAMBOO BOWL,3,3.49
536393,85099B,WHITE CANDLE,6,1.65
536389,84406B,SET OF 3 CAKE TINS,10,4.95
536469,71053,BLUE MUG,9,3.39
536384,84879,TEA TOWEL,7,2.35
536371,85123A,WHITE HANGER,10,2.55
536521,21931,PINK NOTEBOOK,7,1.99
536462,21730,GLASS VASE,12,5.75
536461,71053,BLUE MUG,9,3.39
536557,85099B,WHITE CANDLE,11,1.65
536467,79321,BAMBOO BOWL,9,3.49
536415,84879,TEA TOWEL,1,2.35
536408,21730,GLASS VASE,8,5.75
536444,84406B,SET OF 3 CAKE TINS,1,4.95
536415,84029G,RED PLATE,10,1.25
536552,79321,BAMBOO BOWL,1,3.49
536492,85123A,WHITE HANGER,4,2.55
536489,21931,PINK NOTEBOOK,10,1.99
536512,84406B,SET OF 3 CAKE TINS,6,4.95
536528,85123A,WHITE HANGER,7,2.55
536466,22720,LED LAMP,7,6.89
536471,84029G,RED PLATE,5,1.25
536479,84879,TEA TOWEL,6,2.35
536529,84879,TEA TOWEL,8,2.35
536505,71053,BLUE MUG,6,3.39
536376,79321,BAMBOO BOWL,11,3.49
536481,84406B,SET OF 3 CAKE TINS,1,4.95
536381,84406B,SET OF 3 CAKE TINS,10,4.95
536440,22720,LED LAMP,8,6.89
536478,85123A,WHITE HANGER,2,2.55
536541,85099B,WHITE CANDLE,11,1.65
536403,79321,BAMBOO BOWL,2,3.49
536417,21730,GLASS VASE,6,5.75
536536,22720,LED LAMP,3,6.89
536458,85099B,WHITE CANDLE,10,1.65
536466,84879,TEA TOWEL,1,2.35
536380,21730,GLASS VASE,4,5.75
536478,21730,GLASS VASE,3,5.75
536508,85099B,WHITE CANDLE,4,1.65
536433,84029G,RED PLATE,7,1.25
536439,85099B,WHITE CANDLE,6,1.65
536387,22720,LED LAMP,8,6.89
536452,71053,BLUE MUG,10,3.39
536470,84029G,RED PLATE,12,1.25
536535,84879,TEA TOWEL,10,2.35
536553,85123A,WHITE HANGER,4,2.55
536405,71053,BLUE MUG,4,3.39
536527,79321,BAMBOO BOWL,8,3.49
536488,71053,BLUE MUG,11,3.39
536553,84406B,SET OF 3 CAKE TINS,2,4.95
536521,85099B,WHITE CANDLE,9,1.65
536488,21730,GLASS VASE,5,5.75
536461,84029G,RED PLATE,11,1.25
536551,21931,PINK NOTEBOOK,9,1.99
536441,84879,TEA TOWEL,3,2.35
536544,84029G,RED PLATE,3,1.25
536483,84879,TEA TOWEL,3,2.35
536435,84879,TEA TOWEL,5,2.35
536404,71053,BLUE MUG,8,3.39
536414,71053,BLUE MUG,1,3.39
536506,84406B,SET OF 3 CAKE TINS,8,4.95
536537,79321,BAMBOO BOWL,5,3.49
536443,22720,LED LAMP,8,6.89
536462,79321,BAMBOO BOWL,8,3.49
536511,85123A,WHITE HANGER,1,2.55
536439,71053,BLUE MUG,3,3.39
536395,21931,PINK NOTEBOOK,12,1.99
536427,84406B,SET OF 3 CAKE TINS,8,4.95
536460,79321,BAMBOO BOWL,12,3.49
536502,21730,GLASS VASE,10,5.75
536453,79321,BAMBOO BOWL,7,3.49
536555,79321,BAMBOO BOWL,1,3.49
536410,21730,GLASS VASE,1,5.75
536456,85099B,WHITE CANDLE,5,1.65
536418,84029G,RED PLATE,3,1.25
536481,22720,LED LAMP,7,6.89
536367,84029G,RED PLATE,3,1.25
536465,79321,BAMBOO BOWL,3,3.49
536437,85099B,WHITE CANDLE,6,1.65
536461,21931,PINK NOTEBOOK,10,1.99
536472,84029G,RED PLATE,1,1.25
536376,84406B,SET OF 3 CAKE TINS,5,4.95
536407,21730,GLASS VASE,9,5.75
536394,84879,TEA TOWEL,10,2.35
536439,85099B,WHITE CANDLE,10,1.65
536516,84879,TEA TOWEL,12,2.35
536439,71053,BLUE MUG,6,3.39
536555,85099B,WHITE CANDLE,4,1.65
536481,84406B,SET OF 3 CAKE TINS,6,4.95
536380,21730,GLASS VASE,3,5.75
536458,84406B,SET OF 3 CAKE TINS,6,4.95
536516,85099B,WHITE CANDLE,4,1.65
536543,21931,PINK NOTEBOOK,3,1.99
536400,79321,BAMBOO BOWL,9,3.49
536423,71053,BLUE MUG,11,3.39
536471,21730,GLASS VASE,7,5.75
536482,22720,LED LAMP,6,6.89
536486,79321,BAMBOO BOWL,7,3.49
536467,85123A,WHITE HANGER,11,2.55
536516,85099B,WHITE CANDLE,8,1.65
536407,71053,BLUE MUG,11,3.39
536394,21730,GLASS VASE,9,5.75
536460,85099B,WHITE CANDLE,6,1.65
536492,21931,PINK NOTEBOOK,7,1.99
536450,85123A,WHITE HANGER,3,2.55
536478,71053,BLUE MUG,1,3.39
536480,84879,TEA TOWEL,5,2.35
536430,84029G,RED PLATE,9,1.25
536487,21730,GLASS VASE,12,5.75
536524,79321,BAMBOO BOWL,7,3.49
536494,21931,PINK NOTEBOOK,10,1.99
536371,84879,TEA TOWEL,4,2.35
536393,21730,GLASS VASE,8,5.75
536446,84029G,RED PLATE,8,1.25
536470,84879,TEA TOWEL,10,2.35
536483,22720,LED LAMP,1,6.89
536387,84029G,RED PLATE,3,1.25
536512,21931,PINK NOTEBOOK,6,1.99
536469,21730,GLASS VASE,3,5.75
536449,71053,BLUE MUG,4,3.39
536450,85123A,WHITE HANGER,4,2.55
536479,22720,LED LAMP,8,6.89
536533,85099B,WHITE CANDLE,12,1.65
536422,84879,TEA TOWEL,1,2.35
536395,84406B,SET OF 3 CAKE TINS,6,4.95
536372,21730,GLASS VASE,3,5.75
536439,84029G,RED PLATE,11,1.25
536379,84879,TEA TOWEL,10,2.35
536498,85123A,WHITE HANGER,5,2.55
536550,84029G,RED PLATE,6,1.25
536398,85123A,WHITE HANGER,3,2.55
536538,85099B,WHITE CANDLE,5,1.65
536365,21730,GLASS VASE,12,5.75
536475,22720,LED LAMP,4,6.89
536483,79321,BAMBOO BOWL,4,3.49
536383,84879,TEA TOWEL,5,2.35
536468,21931,PINK NOTEBOOK,1,1.99
536451,21730,GLASS VASE,9,5.75
536487,85123A,WHITE HANGER,12,2.55
536444,21931,PINK NOTEBOOK,3,1.99
536434,79321,BAMBOO BOWL,9,3.49
536486,84029G,RED PLATE,9,1.25
536389,71053,BLUE MUG,2,3.39
536431,71053,BLUE MUG,7,3.39
536373,84406B,SET OF 3 CAKE TINS,12,4.95
536440,84029G,RED PLATE,4,1.25
536406,79321,BAMBOO BOWL,11,3.49
536399,85099B,WHITE CANDLE,8,1.65
536538,79321,BAMBOO BOWL,5,3.49
536548,21730,GLASS VASE,11,5.75
536542,79321,BAMBOO BOWL,12,3.49
536466,79321,BAMBOO BOWL,1,3.49
536540,22720,LED LAMP,6,6.89
536531,21730,GLASS VASE,7,5.75
536431,84029G,RED PLATE,1,1.25
536485,22720,LED LAMP,9,6.89
536546,22720,LED LAMP,1,6.89
536442,84029G,RED PLATE,9,1.25
536436,84029G,RED PLATE,2,1.25
536513,84406B,SET OF 3 CAKE TINS,9,4.95
536565,79321,BAMBOO BOWL,12,3.49
536542,21931,PINK NOTEBOOK,6,1.99
536402,21931,PINK NOTEBOOK,6,1.99
536413,79321,BAMBOO BOWL,5,3.49
536476,21931,PINK NOTEBOOK,10,1.99
536390,85099B,WHITE CANDLE,11,1.65
536505,85123A,WHITE HANGER,6,2.55
536561,71053,BLUE MUG,7,3.39
536532,84029G,RED PLATE,10,1.25
536389,71053,BLUE MUG,5,3.39
536444,79321,BAMBOO BOWL,7,3.49
536559,85099B,WHITE CANDLE,5,1.65
536470,22720,LED LAMP,2,6.89
536542,85099B,WHITE CANDLE,11,1.65
536520,22720,LED LAMP,10,6.89
536379,84879,TEA TOWEL,4,2.35
536473,71053,BLUE MUG,1,3.39
536553,21931,PINK NOTEBOOK,4,1.99
536558,21931,PINK NOTEBOOK,2,1.99
536486,85099B,WHITE CANDLE,4,1.65
536524,21931,PINK NOTEBOOK,12,1.99
536527,84879,TEA TOWEL,5,2.35
536464,84879,TEA TOWEL,11,2.35
536458,84029G,RED PLATE,6,1.25
536508,85099B,WHITE CANDLE,3,1.65
536506,84879,TEA TOWEL,2,2.35
536561,84029G,RED PLATE,4,1.25
536544,84879,TEA TOWEL,5,2.35
536440,21931,PINK NOTEBOOK,3,1.99
536431,84029G,RED PLATE,7,1.25
536420,22720,LED LAMP,5,6.89
536427,21931,PINK NOTEBOOK,5,1.99
536379,84406B,SET OF 3 CAKE TINS,2,4.95
536533,85099B,WHITE CANDLE,12,1.65
536408,84879,TEA TOWEL,6,2.35
536468,84029G,RED PLATE,1,1.25
536375,85099B,WHITE CANDLE,2,1.65
536514,85123A,WHITE HANGER,4,2.55
536442,84029G,RED PLATE,10,1.25
536367,71053,BLUE MUG,8,3.39
536451,71053,BLUE MUG,2,3.39
536471,71053,BLUE MUG,3,3.39
536484,21730,GLASS VASE,6,5.75
536392,21730,GLASS VASE,12,5.75
536475,79321,BAMBOO BOWL,2,3.49
536473,71053,BLUE MUG,3,3.39
536382,21931,PINK NOTEBOOK,2,1.99
536465,79321,BAMBOO BOWL,10,3.49
536550,84879,TEA TOWEL,1,2.35
536545,84029G,RED PLATE,2,1.25
536380,22720,LED LAMP,9,6.89
536532,85099B,WHITE CANDLE,4,1.65
536528,84879,TEA TOWEL,12,2.35
536531,85123A,WHITE HANGER,7,2.55
536379,84029G,RED PLATE,2,1.25
536366,84879,TEA TOWEL,8,2.35
536418,84879,TEA TOWEL,9,2.35
536481,85099B,WHITE CANDLE,8,1.65
536467,22720,LED LAMP,4,6.89
536487,21730,GLASS VASE,11,5.75
536557,79321,BAMBOO BOWL,11,3.49
536383,79321,BAMBOO BOWL,3,3.49
536366,21931,PINK NOTEBOOK,7,1.99
536476,84879,TEA TOWEL,12,2.35
536447,21931,PINK NOTEBOOK,6,1.99
536448,84406B,SET OF 3 CAKE TINS,2,4.95
536450,21730,GLASS VASE,9,5.75
536467,84406B,SET OF 3 CAKE TINS,2,4.95
536494,21931,PINK NOTEBOOK,7,1.99
536404,71053,BLUE MUG,10,3.39
536452,21931,PINK NOTEBOOK,3,1.99
536521,85123A,WHITE HANGER,9,2.55
536544,71053,BLUE MUG,4,3.39
536388,79321,BAMBOO BOWL,12,3.49
536429,79321,BAMBOO BOWL,5,3.49
536412,85099B,WHITE CANDLE,6,1.65
536418,84406B,SET OF 3 CAKE TINS,1,4.95
536524,84029G,RED PLATE,11,1.25
536541,71053,BLUE MUG,8,3.39
536563,21931,PINK NOTEBOOK,10,1.99
536539,85099B,WHITE CANDLE,1,1.65
536563,22720,LED LAMP,4,6.89
536403,79321,BAMBOO BOWL,12,3.49
536449,21931,PINK NOTEBOOK,2,1.99
536377,85099B,WHITE CANDLE,3,1.65
536502,71053,BLUE MUG,5,3.39
536380,79321,BAMBOO BOWL,5,3.49
536473,22720,LED LAMP,4,6.89
536553,84879,TEA TOWEL,2,2.35
536519,84879,TEA TOWEL,3,2.35
536415,84029G,RED PLATE,6,1.25
536486,21931,PINK NOTEBOOK,8,1.99
536375,84029G,RED PLATE,11,1.25
536520,85123A,WHITE HANGER,4,2.55
536523,71053,BLUE MUG,3,3.39
536547,84879,TEA TOWEL,7,2.35
536376,84879,TEA TOWEL,6,2.35
536484,79321,BAMBOO BOWL,6,3.49
536544,22720,LED LAMP,4,6.89
536548,84879,TEA TOWEL,5,2.35
536476,85099B,WHITE CANDLE,4,1.65
536525,84406B,SET OF 3 CAKE TINS,5,4.95
536441,84406B,SET OF 3 CAKE TINS,11,4.95
536515,84406B,SET OF 3 CAKE TINS,3,4.95
536404,84029G,RED PLATE,9,1.25
536417,84406B,SET OF 3 CAKE TINS,9,4.95
536503,21730,GLASS VASE,1,5.75
536561,85099B,WHITE CANDLE,9,1.65
536504,22720,LED LAMP,10,6.89
536542,22720,LED LAMP,12,6.89
536543,21931,PINK NOTEBOOK,4,1.99
536527,85099B,WHITE CANDLE,7,1.65
536493,22720,LED LAMP,9,6.89
536519,21931,PINK NOTEBOOK,11,1.99
536470,84029G,RED PLATE,4,1.25
536397,21730,GLASS VASE,4,5.75
536497,85123A,WHITE HANGER,9,2.55
536491,21931,PINK NOTEBOOK,2,1.99
536425,71053,BLUE MUG,11,3.39
536468,21931,PINK NOTEBOOK,9,1.99
536387,79321,BAMBOO BOWL,9,3.49
536453,85123A,WHITE HANGER,12,2.55
536559,85099B,WHITE CANDLE,5,1.65
536449,71053,BLUE MUG,3,3.39
536401,84406B,SET OF 3 CAKE TINS,12,4.95
536467,21931,PINK NOTEBOOK,7,1.99
536472,84879,TEA TOWEL,12,2.35
536465,84029G,RED PLATE,10,1.25
536394,21730,GLASS VASE,7,5.75
536533,84406B,SET OF 3 CAKE TINS,12,4.95
536536,84406B,SET OF 3 CAKE TINS,1,4.95
536492,85123A,WHITE HANGER,9,2.55
536524,21931,PINK NOTEBOOK,5,1.99
536551,71053,BLUE MUG,10,3.39
536487,21931,PINK NOTEBOOK,2,1.99
536387,79321,BAMBOO BOWL,8,3.49
536426,84406B,SET OF 3 CAKE TINS,11,4.95
536376,71053,BLUE MUG,6,3.39
536417,21730,GLASS VASE,5,5.75
536533,84879,TEA TOWEL,5,2.35
536500,85123A,WHITE HANGER,2,2.55
536478,85123A,WHITE HANGER,4,2.55
